original,scaled,normalized
0.79587450816311,0.09290693548477351,-0.2221206162069948
1.2559307629658378,0.14664878237151452,0.2342776834293639
0.9232231458040688,0.10778327052834369,-0.07911705959392647
0.7872011523172707,0.09189375034274955,-0.23247554673603293
0.5510484910954992,0.06430738448251604,-0.5549522774003514
1.0381592949436094,0.12120963059697804,0.03761945626622497
0.5755191991686398,0.06716595021822323,-0.5171395962020212
2.223524413032657,0.2596790243204508,0.8815938075564942
3.314912182053814,0.3871703773115049,1.3903200484922589
0.4836021009022533,0.05642857936468738,-0.6662106269204159
1.5688961399691683,0.1832080883176456,0.4758332589674987
0.7526741095365884,0.08786044566054924,-0.2745746728344096
0.8394328467388229,0.09799523835630075,-0.17137354268890148
2.5982541539254407,0.3034533848442602,1.0741763089692136
0.07368535491284788,0.008543820122102882,-1.9338817625005928
0.09116102911900048,0.010585255267533827,-1.8176986156917148
0.02042558668422495,0.0023222368277005245,-2.520615232534448
1.7874876796148882,0.20874303742819422,0.6236134342790975
1.5057842318652155,0.17583561926273167,0.4302733576116854
2.040314280945551,0.2382771832109395,0.7783357877699608
3.8452218381668493,0.4491189326106992,1.592257848018115
1.6052395589501458,0.18745357446814664,0.5014420860906299
0.6189294586129686,0.07223695510516077,-0.4529588629020259
1.5165359768801516,0.17709159313185285,0.43813593981616533
0.1258744118305428,0.014640327400841745,-1.6297374111012337
1.0214318863920728,0.11925560471469955,0.021259960437034056
0.1547296827276452,0.018011079421358163,-1.501574094940827
2.894420449691526,0.338050292404835,1.211975522915427
0.7378272783110587,0.08612610095347022,-0.29312862556535263
0.5355657183007563,0.06249875174199592,-0.5795389878473356
0.30728035309045376,0.03583141048635632,-1.0264626353332529
1.488254838726735,0.1737879088963773,0.4173626490217962
0.609082416303085,0.0710866648209173,-0.46721081657135355
0.8403347068676119,0.0981005898833122,-0.17034415240006084
0.01896857166238389,0.0021520344287590297,-2.5492185847870323
0.9613809291948594,0.11224070313819838,-0.039197455512719276
0.9469966778437781,0.1105603950766947,-0.0541023759604371
0.9595479727292359,0.11202658483267106,-0.04108732226514698
2.8779150787410233,0.3361222040261406,1.204584434459171
1.1451389586503762,0.13370654732597545,0.1377730554904781
0.4455184927312392,0.05197981159367013,-0.7343311459510572
0.5745324087574831,0.06705067749095985,-0.5186405897361239
1.1961078011333701,0.13966051425962803,0.18300978099871437
0.0621152959253157,0.007192254238393417,-2.022896823981916
1.0989124800580397,0.12830656350076297,0.09540580554899597
1.1105974332943804,0.12967155084991971,0.10624094861487801
0.23620670533400775,0.02752888431584062,-1.2180070740557776
0.1380286876324503,0.016060139048539968,-1.573289476423437
0.37896196613647554,0.04420495661837399,-0.8648074964221357
0.452102056346386,0.0527488759506498,-0.7222474987099428
0.8444277806509102,0.09857872563793306,-0.16568278243273102
0.5773243109295961,0.06737681582184896,-0.5143989057963005
4.454497380609053,0.5202919523706532,1.7996887674597153
0.10763511253529057,0.012509688767383313,-1.722760684748941
0.2343015156329577,0.0273063280259627,-1.2237127394652674
0.1759135534346029,0.02048569056753204,-1.4186085620122335
1.0587427249064156,0.12361410076756496,0.057478202170922275
0.2920805349072697,0.0340558313197232,-1.0643580326346491
0.6279415810741923,0.07328971354585044,-0.4400651669083248
0.2802770137028638,0.032676993356605864,-1.0948309671141745
0.17312745277320676,0.020160229944852313,-1.429071974108873
0.11695541204115216,0.013598447161065763,-1.6738493412087558
1.068072189799143,0.1247039298233946,0.06638292833934532
0.14871227138829102,0.017308150604549054,-1.526704774945032
0.21888060270504053,0.025504921496273723,-1.271239618092328
0.46001396555972,0.05367311208283133,-0.707900970196786
1.720331651778044,0.20089815122601234,0.5797435890303305
0.10214488666456424,0.011868343551362464,-1.7530944928502665
1.819818924395009,0.21251983817482475,0.6442895775557348
0.10103478280523637,0.011738665863006807,-1.7593774036298941
3.74903145070459,0.43788237399203706,1.5572691451688063
0.6323366026653814,0.07380312158008939,-0.43382800912342007
3.761927172119539,0.43938879821416493,1.5619991017650183
0.9284785012834357,0.10839717916790481,-0.07354565957046869
1.3442452646867182,0.15696531296927269,0.30668017281092824
0.03997630248351011,0.004606069650410234,-2.236266246113455
0.33241024529662233,0.038766979354566404,-0.966815644508551
0.12805676147452985,0.01489526035566219,-1.6193064188717798
0.3511760868635276,0.040959126453233526,-0.9244667610541809
0.12638864171910288,0.014700397584970494,-1.627267271369712
0.3827009577976212,0.04464172998090604,-0.8570350844738585
0.5348843862443556,0.062419161381747884,-0.5806332582762082
0.06629739649103905,0.0076807897292638354,-1.9893742784529982
1.1791895271303414,0.1376841922738557,0.16815902917696765
0.8360975452306278,0.09760562238846353,-0.1751877803784376
0.3084148398718425,0.035963936485653006,-1.0236916482329979
0.740758951587447,0.08646856675998157,-0.28944266073880764
0.0986503136802505,0.011460122156050577,-1.7730518887568505
0.8578956419854408,0.1001519848517276,-0.15046488706720884
2.649255925011185,0.30941119835951825,1.098726566132767
0.3835602104424339,0.044742104279902044,-0.8552570564166814
1.1008459212601613,0.12853242001279647,0.09720464368858221
0.14133071401922814,0.016445867955910843,-1.5586079336149141
1.2599338322077136,0.1471164041721705,0.23764167153864746
0.3416541698018003,0.03984681594020937,-0.9457345394404117
0.202350436780055,0.023573936672398377,-1.3250927805224295
0.8831290462896029,0.1030996455701478,-0.12243341445502928
0.020312454347150885,0.0023090211814105273,-2.5227797734761213
1.765741077631358,0.2062026903686658,0.6095462658680888
0.004706534570697675,0.0004860029257136397,-3.0024079667676613
1.1326341341877955,0.13224578605037504,0.12644203406113536
0.31472166708039545,0.03670067365343377,-1.0084265077776848
1.3287578801083675,0.15515614149948648,0.2942494002292448
3.275143183042495,0.38252472923391984,1.3742129308093056
0.2860209775274417,0.033347979178798004,-1.0798828325425358
0.8583929643545151,0.10021007997016829,-0.14990641893055806
0.8965908825845493,0.1046722009640259,-0.10772644026727356
0.8492208216046183,0.09913862862885428,-0.16024597903732618
0.25241999544735305,0.029422853033156164,-1.1708110578987332
3.052281704985761,0.356490983782913,1.281099572166806
0.592624027609847,0.06916406471295063,-0.4914264618243716
1.873459921263142,0.21878595500389708,0.6779874955062429
1.2022385600555752,0.14037668386683821,0.18835202135911638
0.3530201321290895,0.04117454010597594,-0.9203986277338821
1.6809222047688275,0.1962945045090068,0.5533915228871276
0.5050187510780056,0.05893038283449503,-0.6296729483056469
2.1294993647231304,0.24869541156218988,0.8294419046902454
0.870535818554615,0.10162855739412945,-0.13634608467277334
2.134830469460451,0.2493181689131428,0.8324450444429512
1.179382928973068,0.13770678466796168,0.16832970585411225
1.29190926296128,0.15085164021288605,0.26422555190657443
0.695799458595189,0.08121658689171198,-0.3472314642392678
3.1254682430202303,0.3650403289557237,1.3122298182403205
1.0327970182552295,0.12058323186912068,0.032397019002752166
0.5513959981365352,0.06434797880113784,-0.5544064761336469
0.9324028734240074,0.10885560790244214,-0.06940085393459719
0.019379778984649453,0.002200069947722637,-2.5409819463718546
0.35892721650797044,0.041864580988852325,-0.9074745625118241
1.07932019606284,0.126017874855321,0.07704080013506988
0.3425996208513074,0.0399572595762019,-0.943602873355577
0.9623750612405853,0.11235683348449593,-0.03817359940804609
0.5599610741949536,0.06534851515142003,-0.5410356796009934
0.1455739734093885,0.016941547764773583,-1.5401184341419234
0.3542241295764082,0.041315186050445436,-0.9177511824376752
0.84388847060356,0.09851572569458569,-0.16629599112956167
0.8937290741273026,0.1043378964733838,-0.11083886943178184
0.8540797192755388,0.09970622472594663,-0.15475816279907822
1.0590093981417905,0.12364525241920472,0.05773355880805314
1.0558495961259273,0.12327613756780084,0.05470470836346017
0.5646105027916918,0.06589164194765038,-0.533842341982373
2.2686339691073623,0.2649485339301728,0.906022640379355
0.45817288142252344,0.053458044336715686,-0.7112225795145403
0.5724615619483568,0.06680876983079842,-0.5217968913504081
2.2249146277778835,0.25984142339055954,0.882352255578937
1.6408975637323986,0.1916189933996124,0.5261443131082449
1.2170194885231822,0.14210333008946294,0.20114748535539034
0.10561264445328787,0.01227343250771586,-1.7337954685840549
2.519282139550544,0.2942282045308373,1.0354314467438428
1.2526075289986025,0.1462605760833236,0.23147881679340224
6.7653937340397245,0.7902411959701185,2.431000401207433
0.16187008669826158,0.018845191538935806,-1.472696900576864
2.0259087927419728,0.23659439434917864,0.7699228618605721
0.17732557911118652,0.02065063749938854,-1.413353488714458
0.9559664156488699,0.11160820231918543,-0.044787992235966564
0.13218371012746116,0.015377353230826727,-1.5999436150136455
1.8839288998793564,0.22000889728536746,0.6844787063813154
1.6467190930672433,0.1922990401001926,0.5301384693425318
0.841880948482476,0.09828121535954132,-0.16858120693652864
0.5228700293276967,0.06101569447282691,-0.6001050692895324
0.07167538992643917,0.008309024421751833,-1.9485452648395982
1.1954385685486275,0.13958233730903688,0.1824253674011088
0.6042990762968419,0.07052789505409178,-0.4741970102268281
1.2803341833885626,0.14949948784542055,0.25466040668272627
2.012772735675894,0.2350598951218104,0.7622116757079118
3.7099603021039695,0.43331824587973905,1.5428627418896859
1.9365772332668505,0.22615905531977143,0.7167146025130945
0.01178323462231922,0.0013126734180009718,-2.72147870590784
0.4462528289632119,0.05206559367994778,-0.7329766460564588
1.3092983666096683,0.15288296254795586,0.2784737874010785
0.18829497489895536,0.021932036421177182,-1.3735736188037155
0.7361311066295991,0.08592796127414401,-0.29526627815396655
0.05587005531306692,0.0064627113591247745,-2.0762964907486134
0.22313920744414448,0.026002393884597647,-1.2578673973371859
0.018695470770046525,0.002120131925125163,-2.554763993180414
1.5784127264289458,0.18431977613205233,0.48258207166448575
0.2535057120395251,0.02954968190299497,-1.1677336006842964
0.42365710463299117,0.049426055700466466,-0.775452861435317
2.632218873763466,0.30742100131296557,1.0905657558143451
1.218796812081237,0.14231094959148696,0.20267812112851458
0.03235681043540596,0.003715992468045783,-2.3308431921850485
0.1799573415520762,0.020958068976874307,-1.4036430356456435
0.9714821443238729,0.11342068482775557,-0.02883133222020135
0.8609236445952163,0.10050570344793926,-0.14706838481219603
0.2716680788222265,0.031671333602210125,-1.117675862521214
2.7213481977014,0.31783271603303853,1.1328250409216387
0.9518297164268871,0.11112497042333906,-0.04907536885634501
0.7670796669351843,0.08954324260538256,-0.2568354827601701
0.8913785735188188,0.10406332082640668,-0.11340086867416521
1.3097853833222186,0.15293985380271857,0.27887076766422086
0.3738864958136876,0.04361206141019466,-0.8754516584722147
0.5078651140960552,0.05926288305355127,-0.6249058548020905
0.235524566970723,0.027449199766195836,-1.2200459207748917
0.2060320490552345,0.024004007215127732,-1.3128175783953655
2.889075617959369,0.33742593152377676,1.209585618213854
1.3453474273941273,0.15709406300548567,0.3075606655586337
0.6742445829092899,0.07869863649612167,-0.3759460923095285
0.25801276236606263,0.030076176665387623,-1.1550642039822776
0.2935076505897682,0.03422254100293659,-1.0607372831218755
0.059780960642743096,0.006919566957156196,-2.0423586063606693
0.5698975593829353,0.06650925377846872,-0.525716855153408
0.37366980190242904,0.04358674813409293,-0.875908535933506
1.1918581138105215,0.13916408356656204,0.17929448245324883
0.4744162936126185,0.05535553178901134,-0.6822586425859163
0.19796773543612678,0.02306196783789856,-1.3399282650308653
0.0249883529183461,0.002855240089310949,-2.4400374152989537
0.06961767177320045,0.008068650396243058,-1.963883673375953
1.1375384985072794,0.13281869337112762,0.13089728328083955
0.6045812275694057,0.0705608547852784,-0.4737837597843366
0.7691198063343582,0.0897815631543881,-0.2543436898383755
2.2698400425314715,0.26508942238156546,0.9066707097829549
4.639652671549505,0.5419210187991893,1.8584409285571608
0.2444910263815217,0.028496624040381502,-1.193595313215092
1.087904432235949,0.12702064941003857,0.08511815550500627
0.3056049000415655,0.035635691071003756,-1.0305691514280444
0.02086721322178277,0.002373825792125605,-2.5122516578591814
1.4203834634971735,0.16585945880467343,0.3662597834139852
0.3856877029278064,0.04499062905096642,-0.8508676503697239
0.4836383922725319,0.05643281877072623,-0.6661476843010924
0.8875019190896977,0.103610466275278,-0.11763755546252852
1.778143322544256,0.20765146873044815,0.6175848581645058
0.9915042784647651,0.1157595867687954,-0.008523212230477238
2.0608212243888815,0.2406727185463282,0.7902346894084975
0.3195746569927715,0.03726757963089004,-0.9968373545057839
1.599719459514838,0.18680873954729746,0.4975809315422762
0.2053477700954973,0.023924072609961274,-1.315086444912104
3.0531846429416998,0.3565964612171826,1.281487070787516
1.1631132949503808,0.13580623409089043,0.15389700955644076
0.24271849285254601,0.028289564089513813,-1.198765185672494
2.9444801993055396,0.34389806291302755,1.2341985735486962
1.312508008683689,0.15325789950643115,0.2810879931796964
0.29295145475353923,0.03415756853237975,-1.0621468228597486
0.23992352258485755,0.027963067356535982,-1.2069756018355668
0.7302276706012668,0.08523834657631463,-0.3027354986165645
0.025997749917583787,0.0029731536236117244,-2.423744040820825
0.23252501424781974,0.027098804566738986,-1.2290647807460868
0.5528383768737486,0.06451647145054493,-0.5521438313871215
0.46867647883432423,0.054685030641047135,-0.6924062961361501
0.6228293127494283,0.07269251974903702,-0.44736196873251527
0.3252160150647209,0.03792657947834563,-0.9835320171767961
0.8837856587615042,0.10317634829195726,-0.12171214132466754
1.9940392353206529,0.23287152598817965,0.7511483895524447
0.12503258823361524,0.014541989090299428,-1.6337977317787544
0.7285238344657817,0.08503931156753597,-0.304899756688202
0.1416420309314934,0.016482234695103178,-1.5572372098341671
1.2618126780454997,0.1473358830821603,0.23921777086159196
0.5042799316403209,0.05884407703888309,-0.6309136524826652
0.8333782502326796,0.09728796572388393,-0.178306099406312
0.2024587595803043,0.023586590488718813,-1.3247292041215535
0.1564757666485311,0.018215049639669592,-1.4944207618009784
0.6695405831271101,0.07814913492232485,-0.3823048593106005
0.43945539486716967,0.051271545868188634,-0.7455798342752937
2.8206358427817753,0.3294310833282352,1.1786829737106574
1.4495547822850323,0.16926713021749587,0.3884459076345493
1.3809630771052144,0.16125453419474445,0.3357233308898992
2.3404919629750887,0.2733426841318338,0.9441872808568377
0.08710858401446339,0.010111865585182171,-1.8430275700997023
0.8033917592429352,0.09378506930498291,-0.2132149032469791
0.8782150705708843,0.10252561548594913,-0.12784424398553543
3.2684962704906653,0.38174826471919837,1.3715063779283463
0.34551957817662343,0.040298356774326596,-0.937047403910763
0.2755279406181342,0.03212222650818442,-1.1073663644336424
0.10568717152126388,0.012282138447987884,-1.73338601151801
0.016566092712647768,0.0018713868894256042,-2.6002531643447617
2.6525584966737488,0.3097969909637251,1.1003039043379694
1.10840976737422,0.1294159968699591,0.10421898133416119
1.5378287226027543,0.1795789226018393,0.45358312959146857
0.33090988328697285,0.038591713341865765,-0.9702790616062216
0.8828805358441796,0.10307061561964007,-0.12270650328507145
0.06609201104078581,0.007656797460264022,-1.9909825905385188
0.6648077543380173,0.07759626566455625,-0.3887368640663979
3.7940239817409367,0.44313821322639135,1.5737185938551392
2.0915565960151903,0.2442630960679999,0.8079015610541629
0.41272986039066595,0.04814958074586145,-0.7966129828528923
3.2589208957899607,0.3806297095084468,1.3676000424160142
0.26357711408489315,0.03072618095285371,-1.1396520589632722
2.9822006881180347,0.348304412599814,1.2507553974641081
2.8366401889985053,0.33130064409373483,1.185959917467277
1.6054587764686523,0.1874791825414887,0.5015952146805565
0.9954636469412025,0.11622210362886967,-0.004544171968062183
2.0737614370605035,0.24218434005091657,0.7976969780575488
0.3467533044558518,0.04044247551655926,-0.9342902337482271
1.890101706140509,0.2207299786867944,0.6882933043476299
0.9620119264355662,0.1123144135958696,-0.038547498789980754
0.013325245813812014,0.0014928047138712598,-2.6788655586928933
0.42653582152209274,0.04976233536337576,-0.7699472996540092
0.16033409557265862,0.01866576348197581,-1.478826015184609
4.007949815313653,0.4681281340740346,1.6499674451312196
0.6507973433028168,0.0759596280646677,-0.4079829750975373
0.6879434743518151,0.08029888368054038,-0.3576177994007576
1.0201870877115307,0.1191101925408705,0.020034443854508734
0.4597913226195221,0.05364710386605866,-0.7083021173603096
0.14722503453539396,0.017134417817746744,-1.533034472740305
1.7266333699659562,0.20163429157937712,0.5839148369531317
0.2105332858579192,0.02452982286598672,-1.2980334726971168
0.7160453184038682,0.08358162352923149,-0.320868375447654
0.2540113847683599,0.02960875247552635,-1.1663036834765215
0.1029683619115897,0.011964538484435681,-1.748467183296299
1.9818903651250344,0.23145234580079194,0.7439315517917021
3.6089409619554593,0.42151758921180876,1.505074116794943
3.2399630575231506,0.37841513415857925,1.3598403353404398
2.3703875934806797,0.27683496660912127,0.9598038608733962
1.4874297383644244,0.1736915241241357,0.4167521135057942
0.4051828759823608,0.04726797360261835,-0.8114766302192877
0.08457948914158146,0.009816427303446944,-1.8592912830646935
0.5229676598646347,0.06102709926368199,-0.5999454781524721
0.2642704649359845,0.030807175298412866,-1.1377489447484619
0.14212551338142076,0.016538713092093052,-1.5551129638985908
0.05490737709957073,0.006350255317910645,-2.084925451578693
1.2931478447501357,0.15099632615543873,0.26524520995524625
0.011493253758047457,0.0012787990666687408,-2.7299591005916364
1.4722041567216284,0.17191293537794078,0.4054395500327854
0.15893318409181006,0.018502114863965118,-1.484455047320894
0.08286226837053423,0.009615828757541021,-1.870545468276746
0.09387454847876757,0.010902237246225415,-1.8012116288802622
1.1148874353489464,0.13017269094127473,0.11019726783250725
0.28152401871570965,0.0328226632649437,-1.0915661521353315
0.5456577232326894,0.06367765753486412,-0.5634527251788376
0.8150183417044571,0.095143238024439,-0.19956443863451329
1.9700575825044382,0.2300700896414602,0.7368701733321661
1.298445631416122,0.15161519142869564,0.2695982573604255
0.3151600310121322,0.036751881493897035,-1.0073741324411247
0.14096788842067348,0.01640348418749001,-1.5602083403821176
0.05696653622502167,0.006590797671764463,-2.066604402225601
0.35896131924809255,0.04186856472827316,-0.9074004190395493
0.3039715610187504,0.035444891239978946,-1.0345889064958937
0.6090644603697195,0.07108456728390619,-0.46723696379255353
1.1497413930019442,0.13424418445110117,0.14191985844085375
1.1894962492575898,0.13888818043113937,0.17722527417323874
0.33340333573350317,0.038882988024476615,-0.9645297186557614
0.47791799481809205,0.05576458587329582,-0.6761134642216428
0.19985553658399272,0.023282492869744344,-1.3335078258096704
1.5537454918625997,0.18143825299364322,0.4650246704164894
0.058527902679405074,0.006773189968466412,-2.0530442185976114
1.1940133702963385,0.13941585161199835,0.18117997285290227
1.508215227537404,0.17611959800627272,0.43205482063340944
1.5024128112871267,0.17544178401626567,0.4277991281744373
0.3003250786218568,0.03501892442265335,-1.0436225692892394
0.46810645071963525,0.05461844234159256,-0.6934192049825261
0.8857606422528879,0.1034070576004163,-0.11954511452972988
0.31858385541797624,0.03715183833627245,-0.9991925407564346
0.4633900261599527,0.054067489357271084,-0.7018361087212288
0.21946816406439684,0.025573557956014133,-1.2693829852105585
0.6159192930971454,0.0718853201636372,-0.4572972238995332
0.04563805361064566,0.005267451729251493,-2.1745121606394715
1.608417855721981,0.18782484979956418,0.503660651897281
0.0800788592291815,0.00929068254697189,-1.8891685812719665
0.7315453416715059,0.08539227139782203,-0.30106438093209964
0.3664512907003647,0.04274351185652528,-0.8912441207197075
0.861667491390789,0.10059259651846604,-0.146235399619425
3.2048087525398996,0.3743085553302362,1.3453596369347751
1.0372451034370935,0.12110283857001299,0.03673055345890323
0.03600282928516804,0.004141905135734881,-2.2836937276171283
0.5628252017377511,0.06568309054793349,-0.5365991313326147
0.7133842809551248,0.08327077226781006,-0.32430092449913456
0.7682533316282663,0.08968034520440936,-0.2554013750891455
1.1437953745754414,0.1335495954556752,0.1365601015107818
0.3251708750829961,0.03792130641453875,-0.9836377844895059
0.13795322936942506,0.016051324329958257,-1.5736280777704486
0.498692325089278,0.05819135621921232,-0.6403418482412743
3.1328293940298915,0.36590022781883347,1.3153302296305256
0.20718518085949397,0.024138711247988488,-1.3090070240752194
2.343239965315796,0.27366369426808773,0.9456290442186567
0.7848370119116153,0.09161758135173349,-0.2353130333529052
0.6104828446278938,0.07125025699866086,-0.4651733265477181
2.1374216502598786,0.24962085981305984,0.8339026664868114
0.6136042194655515,0.07161488294787975,-0.46064473923566657
1.2879619768216823,0.1503905347608509,0.260971011085595
0.5092024779520073,0.059419108303894325,-0.6226730258797043
2.343869620517843,0.2737372479544176,0.9459592178168422
1.171263695054478,0.13675832973112445,0.16114617670492298
1.20271377806728,0.140432196846732,0.18876525529758237
0.39708095588030845,0.04632154119339089,-0.827668643338077
1.413783315052161,0.16508845707725703,0.3611922280165329
1.0107691601593356,0.11801002964727499,0.01072548279773745
0.27446352155717557,0.03199788552683662,-1.1101983858542235
0.1749950483048662,0.020378394641149815,-1.4220441094264096
1.5915561214954719,0.1858551325539318,0.4918523529123953
3.1982549793455974,0.3735429709655814,1.3426467172170824
0.6127454492078178,0.07151456499932408,-0.46188892527125863
0.894001408098752,0.1043697093885282,-0.11054236105672785
1.949976916510579,0.22772435025424434,0.7248128335388266
0.6110575600497189,0.07131739284972416,-0.4643381954739504
3.0339426154251985,0.35434868806816694,1.273210425853187
0.8574351139284115,0.10009818789087871,-0.15098225590733685
1.7190693170421094,0.2007506905635603,0.5789066295758796
2.3951798653964196,0.279731096087551,0.9726417542865043
1.6902349228521838,0.19738237727263158,0.5596606119825631
0.17365656266068907,0.0202220383481997,-1.4270750938637566
0.9912795046773293,0.11573332963536352,-0.008749463815331123
0.5082194538118612,0.05930427553665294,-0.6243138245904983
0.06476569576467495,0.007501862858792599,-2.001460820226484
0.5517036127182137,0.06438391304956097,-0.5539235482453254
0.29932838407871587,0.034902494736128824,-1.0461062039855256
1.8907291725561037,0.22080327668824842,0.6886805296586754
0.03387185544078737,0.003892973686876604,-2.310785343721999
3.1937618830853807,0.37301810625883486,1.3407843744019816
0.43907698385558386,0.05122734147702429,-0.7462857801656572
0.44115481164779513,0.05147006462642244,-0.7424151510764122
0.016463281859021166,0.0018593769556485595,-2.6025592245297906
0.20485226801855602,0.02386619013043177,-1.3167329631261389
0.5129269981133588,0.05985419116636679,-0.6164780015238139
2.6491883174462907,0.3094033007266462,1.0986942605819978
0.10493275185211141,0.012194010298604669,-1.737540996830377
2.9059196042996307,0.3393935755355919,1.2171059723405244
2.036294167549806,0.23780757038353842,0.7759925488500223
0.6054337777119879,0.070660446126006,-0.4725359670774375
0.39556559305341404,0.04614452284798063,-0.830724901935151
0.2649349338713655,0.030884795779415903,-1.135928654017655
0.9531225375802638,0.11127599238152655,-0.04773394258578897
0.033633923500440206,0.0038651794730731517,-2.313889723257144
0.01572912103564306,0.0017736153598690426,-2.6193519567463017
0.5600083793612688,0.06535404114303198,-0.5409622641104909
0.07050194596877858,0.008171947608113449,-1.9572506719138265
0.2902734114003996,0.033844730712356635,-1.0689621953796158
0.2499508210038628,0.0291344144052853,-1.1778474563630292
0.2919460753686314,0.034040124318975955,-1.064699861998102
0.1404757129463228,0.016345990307757182,-1.5623843013250904
0.012109244758244809,0.0013507565581072861,-2.712131487351611
0.122715012163683,0.014271259550165078,-1.6450840434002063
0.9635926851998535,0.11249907122108031,-0.03692066079227134
3.6595619554711543,0.42743092188444404,1.5241089110559825
4.6402795247685695,0.5419942451695903,1.858636793373994
0.5260307976994564,0.061384922209883556,-0.5949497699388855
0.17787676080722833,0.020715024239067053,-1.4113107859291212
1.0182175864284726,0.11888012364105142,0.01809313303341643
0.6739434512904061,0.07866345956028857,-0.3763521464891614
4.54782408884695,0.5311939879634858,1.8295291885147593
0.06753415787549573,0.007825263019790894,-1.9797686003214892
1.5289388703453213,0.17854044725479815,0.44715367040371157
0.340237211516877,0.03968129280168385,-0.9489376794991443
0.2763051953443904,0.0322130221534004,-1.105303614287388
1.0862033140432934,0.12682193189996985,0.08352133273492524
0.28244671420833845,0.03293044869198719,-1.089157469058478
1.096192571224609,0.1279888351304905,0.09287118681202759
0.7283775813901301,0.08502222689513704,-0.3050857099772385
0.5518021240338825,0.06439542072930235,-0.553768937275058
0.8089796892197217,0.0944378279058959,-0.20663570352350055
0.33834611913036755,0.03946038330110972,-0.9532284256508229
1.2261322079671548,0.1431678398487962,0.20897754006176683
0.5358987938706935,0.06253766023654286,-0.5790044274476824
0.4471399044197262,0.05216921812340072,-0.7313426664733046
1.76408738487952,0.20600951290017314,0.6084711838285999
2.5898260887770057,0.30246885353525127,1.0700842746235772
0.04709927096708974,0.005438145027339439,-2.1595248764025867
0.26478227618167083,0.030866962946800303,-1.1363465482732693
0.4285076134694281,0.049992671849011946,-0.766192468346127
1.68721827772395,0.1970299854098958,0.5576327550123756
4.2330156072297545,0.494419378247608,1.726926355452572
3.472855738233016,0.4056206827346314,1.4528794853174236
2.353334804096362,0.2748429310992969,0.950914412825755
0.35176738439522015,0.041028199356994734,-0.9231605444076664
4.829720152650144,0.564123906730447,1.9169313632123364
0.286909092686232,0.03345172507592089,-1.0775919540164494
0.11194453715028985,0.013013097720987373,-1.699762279799642
3.0149683269135394,0.35213219106952126,1.2650098902810056
0.2658165488581462,0.030987782353640265,-1.133518832807679
1.1704357287585763,0.1366616101725113,0.1604115111139519
0.06012837638344523,0.006960150610454996,-2.0394260637466686
1.3119630678062497,0.15319424179307123,0.2806444887040946
2.134702379179043,0.2493032059423773,0.8323729547875499
0.318054542070784,0.03709000616561298,-1.0004530218165144
0.47651582133851283,0.055600789833873406,-0.6785700454202179
0.4688781561417263,0.054708589740313326,-0.6920481502045591
1.381459100019375,0.16131247751629882,0.33611164794938514
0.2715557927379281,0.03165821681162881,-1.1179774305121575
0.1885647237242159,0.021963547350359627,-1.3726177757842428
0.5965499179253607,0.06962267079433289,-0.48560434429619515
0.3630788443186174,0.04234955677996769,-0.8984874011356463
1.8275262768800733,0.21342017884584136,0.6491773543466031
0.2714699696758789,0.03164819132058972,-1.118207990204465
0.6979375510638806,0.0814663499084791,-0.34442010524249533
2.857425296918422,0.33372867343948415,1.1953642954919623
1.0051156552854201,0.11734961086123394,0.005105767679030484
2.019584502567615,0.23585561723079473,0.766215095064725
2.816911660497659,0.3289960399351677,1.1769851552004154
1.389358498342597,0.16223525217864096,0.3422815829007841
1.2025573406499726,0.1404139224821504,0.18862923613653476
3.4409439110844686,0.40189287660094725,1.4404160936585761
5.185129699697851,0.6056413630417715,2.02177742081883
0.6011546483760796,0.0701605761401549,-0.47881239617555443
0.07350637580901313,0.008522912532011888,-1.9351751022553851
0.3464333279891688,0.04040509720444999,-0.9350046121032879
0.16529301570492688,0.01924504378452536,-1.4591952315429135
0.5404027029077102,0.06306378804663633,-0.5718006123748338
0.14074515331290383,0.016377465204087227,-1.561192361842168
0.9266385968862844,0.10818224923408543,-0.07549348571519623
0.4825752161899414,0.05630862298891098,-0.6679931094490029
2.2574767870126724,0.26364519859767654,0.9000150427200312
3.4356233680245567,0.4012713530209609,1.4383296047169596
0.7916091055720594,0.09240866899982626,-0.22720224017804078
0.32134030182597134,0.03747383487313836,-0.9926540104384911
0.8970530159776252,0.1047261854535153,-0.10722454232896429
2.270710122951046,0.2651910615359075,0.907138075236168
0.5221113113013388,0.06092706420733858,-0.6013460733423575
0.8031367865921644,0.0937552844666833,-0.21351593315078146
0.3169773769243521,0.036964176239887715,-1.003023048907984
0.6077847696930289,0.07093507917306942,-0.46910194100053715
0.5136856019067373,0.0599428080876364,-0.6152203921027313
0.28556892682812146,0.03329517250740881,-1.0810509611932337
0.7049493202803973,0.08228543545226936,-0.3352459611353805
0.3716157554655554,0.04334680302312807,-0.8802492927830318
0.4668643441707057,0.05447334465131507,-0.6956296030001771
0.744378250050377,0.08689135806387464,-0.28490737205199246
1.3886772897564434,0.1621556762416706,0.341750564636795
0.40572634091339566,0.04733145890209441,-0.8103993066135319
2.579113158255738,0.301217413812887,1.0648682864529402
1.9828125724853836,0.23156007420626482,0.744480548287247
0.049915608018146436,0.005767137738555257,-2.131605490328915
0.29255060354898277,0.034110742771758636,-1.0631639386293579
0.5908352298442833,0.0689551048420116,-0.4940889579454627
0.11051588034614977,0.012846208010391613,-1.7073111587038408
0.42844102819766255,0.04998489363614606,-0.7663190510366529
1.3474488168632077,0.1573395385313975,0.30923790398362777
1.1410433305824201,0.13322811319050756,0.1340722497075416
0.9738786076532244,0.11370062964748402,-0.026384019889436068
1.2396980963584698,0.1447525501732353,0.22055264669592647
0.2293171776890118,0.026724078520996886,-1.2388080133243051
0.4180916608708023,0.048775923845064184,-0.7861777173471877
1.1277604454733938,0.1316764621254665,0.1220001419453963
2.113906808334282,0.24687395436152276,0.8206254089352799
0.7845566962774434,0.0915848360521438,-0.23564990300263766
0.33226062922716576,0.03874950183130139,-0.9671604838681486
0.03070177092762817,0.0035226576771588713,-2.353585243916812
1.2390365102627807,0.14467526645350373,0.21999038049309758
0.007915347380805356,0.0008608430130481019,-2.8509652797673297
0.4662970189346933,0.054407072090839094,-0.6966406731537289
0.7561662477198724,0.08826838263259162,-0.27025093410072
2.5524764712978056,0.29810582748595604,1.0518276740470882
0.09375538865493666,0.010888317494150491,-1.8019279933671042
0.5207788632699998,0.060771413203059836,-0.6035288163287353
0.024613645411272977,0.00281146832604893,-2.4462128717739713
0.41947932665581894,0.048938025156305597,-0.7834935443602664
0.9734725370341943,0.11365319417670126,-0.026798385207661674
0.3272103877867526,0.03815955375560761,-0.9788700775460837
0.2354058641795282,0.027435333402761313,-1.2204011692033991
0.1229625637761174,0.014300177493814644,-1.6438708291208168
0.8607147010568144,0.10048129553796836,-0.14730246510033992
1.1883291597146952,0.13875184591364814,0.17620164768238358
1.1146110102192566,0.1301404001141414,0.10994269160614004
2.9732082686555446,0.34725395578100227,1.246822788355882
0.002706874174015226,0.00025241096442171225,-3.1439436819432105
1.0418444704671421,0.12164011738347198,0.04119668605027002
0.9172718057138505,0.10708805987842744,-0.08545540040619769
0.8885287127117601,0.10373041201027257,-0.11651403804932384
3.290648982062225,0.38433605180170505,1.3805105818308916
0.017015621444908598,0.0019238989551744144,-2.590295761670768
1.1923157812007543,0.13921754635628433,0.17969508118142372
1.680282406233211,0.19621976592088736,0.5529598609215941
0.7129564889864753,0.0832207993998433,-0.3248536508584549
0.406412861479754,0.047411655362367834,-0.8090399628688232
1.564656550057448,0.18271283716190173,0.47281670368496426
0.10230178239160788,0.011886671453769917,-1.752210682326252
0.5834601855399111,0.06809358302234096,-0.5051311394150579
0.7338699603580567,0.08566382362696462,-0.29812177101661536
1.1840277392481835,0.13824937197118237,0.17242238159909087
0.09528448537008007,0.011066940174925679,-1.7927872610552962
0.2584592509663058,0.03012833359563354,-1.1538182730855244
0.5281439959539662,0.06163177718870325,-0.5915161681561155
0.9762920232111264,0.11398255475562642,-0.023924004591390255
2.180020451611854,0.25459707356065514,0.8576760070139196
0.9644997565714588,0.11260503150367458,-0.03598806146852662
0.14324870565049203,0.016669919713715186,-1.5501991262074273
3.9414586537984833,0.46036091477385993,1.6266056870086627
2.0540524673278986,0.23988202066582473,0.7863171639734888
0.6986035618612862,0.08154415050335297,-0.3435457070597222
2.555517738696651,0.29846109561932915,1.0533217991063122
0.7795350292720373,0.09099822592239684,-0.24170021082376686
2.567932685722319,0.29991135778878175,1.059407115450262
1.7713533099959378,0.20685828787284358,0.6131891531226151
3.451009992622574,0.4030687541314077,1.4443568988234075
2.5230174576255466,0.29466454876040576,1.037284641930475
0.03669906530701308,0.004223236514870405,-2.2751060564189514
0.19209557223465784,0.022376006300863005,-1.3602009346131816
0.4928787648943119,0.05751224044021114,-0.650236687010024
3.039531556122277,0.35500156473719574,1.2756185079859803
0.3567162583292023,0.04160630610469213,-0.9122928885610183
0.17491026108410276,0.020368490152755943,-1.4223619333961308
2.1742329176478745,0.2539209980570684,0.8544669137740027
0.5913027870908341,0.06900972292337143,-0.4933924436298506
2.3846153801007866,0.27849699711537507,0.9671836440975292
0.17462778945648594,0.020335492999032336,-1.4234216185131319
1.0821018733125924,0.12634281875355932,0.07966354156563431
0.5802895933977709,0.0677232077135295,-0.5099108009384827
0.07957015246148283,0.009231257550714347,-1.8926250667490954
1.1922522414317551,0.13921012390630974,0.1796394714482377
0.2842197472753415,0.033137566996797256,-1.0845456842267351
0.04042157738489505,0.004658084801433447,-2.231177414467941
0.06181614829241984,0.007157309063502764,-2.0253595683958223
0.06302344232057625,0.007298340100753371,-2.015475133626089
2.383068270414734,0.27831627023470157,0.9663827966477452
1.3466272777165609,0.1572435697654702,0.30858242308194483
2.2833939978782563,0.2666727387376684,0.9139358803617107
1.1165185876991803,0.13036323533435729,0.11169851901314133
0.7527696538855909,0.08787160675165794,-0.2744561739134498
0.36304715247185626,0.042345854671022504,-0.8985557097369272
6.195909673019582,0.7237164505889098,2.292811976427288
0.44971337017794494,0.05246983962632055,-0.7266162443248622
0.6361034551449585,0.07424314952686555,-0.4285084092285156
0.4752094358517941,0.05544818334701583,-0.6808637433388026
3.8886448825208464,0.45419143097729425,1.6078356833609668
0.19195790004513646,0.022359924011680802,-1.3606818277799033
0.3974790828268521,0.046368048717588796,-0.8268671480184026
1.1405244585104777,0.13316750072593822,0.13360267911366216
0.06529359903168681,0.007563530309784929,-1.9972709378280553
0.9345804079878193,0.10910997837974203,-0.06710670776402289
0.6494107227395364,0.07579764885185648,-0.40990480200669743
0.33407507956632587,0.03896145832856182,-0.9629864028082471
0.2723512338451298,0.03175113691377802,-1.1158431386322631
0.7226022393784636,0.08434757560441035,-0.31245149116012433
0.45875130364210925,0.05352561320038476,-0.7101779253621248
0.6097621715499604,0.0711660709848737,-0.46622139434913934
0.41170058097131856,0.048029344630428225,-0.7986279332092524
3.5231512620757437,0.41149599540178194,1.4723476833060432
0.1432232723796933,0.01666694870542908,-1.550310070138029
0.10181564301451637,0.011829882685664874,-1.7549525083967594
0.42066767696522644,0.04907684326758934,-0.7812002535101501
0.8941058974019175,0.10438191539175802,-0.11042861467357336
1.0763904484112459,0.1256756339922416,0.07427290274858367
0.5062639559578639,0.059075842458828715,-0.6275849777379574
7.233477001061302,0.8449207248405735,2.538123812222249
0.43369946693048533,0.050599162448476086,-0.7563680181203287
1.278002151734596,0.14922706966443908,0.2527253897128687
1.014958953554948,0.1184994637823475,0.014874882909173805
1.6769347423751546,0.19582870583506137,0.5506992114159202
3.7391485764634984,0.4367278979715047,1.5536359015418237
2.2054008199050057,0.2575619019973961,0.8716732275818806
1.4463075609131333,0.168887803402668,0.3859930789472348
1.1981513745045125,0.13989923595087173,0.18479281790699062
0.4087176463945562,0.047680890693275975,-0.8044890702442867
0.15979978056772035,0.01860334703858457,-1.4809685431415296
0.06468360159169508,0.007492272960973539,-2.0021147119571823
0.2769422239127562,0.03228743716553467,-1.1036162863150787
0.566129548554164,0.06606909051818603,-0.5315018911807338
0.7381367507678931,0.08616225223109601,-0.2927390052746904
1.4831734087955137,0.17319431751167483,0.4135985453984575
3.1878841432953644,0.3723314932880567,1.3383451102828627
0.1247930892017949,0.01451401181542653,-1.6349566792804435
0.11317333439162808,0.013156640673635993,-1.6933276352859914
0.8908538183287441,0.10400202112059112,-0.11397354055975552
1.3680540278728852,0.15974655307275162,0.32557995681380053
1.8848645922481087,0.22011820095310292,0.6850575431172858
2.7462518850240882,0.3207418605931643,1.1444449364979157
4.099934693570646,0.4788734227024929,1.681806904447992
0.5104951654142432,0.05957011464484208,-0.620519008343403
0.4785765657227811,0.055841517371029804,-0.6749615457127669
0.15994421949511406,0.018620219789774108,-1.4803888284835327
1.1549745306494863,0.13485549769650426,0.14661966749295835
1.0693310738071846,0.12485098738625144,0.06757998008504229
1.980955289854103,0.23134311421984208,0.7433746971983343
0.10231847490104946,0.011888621402884185,-1.7521167121064323
0.688710851287402,0.08038852544357739,-0.3565993063013106
0.8700799143898709,0.1015753005770317,-0.13685260946236097
0.2764876841286365,0.03223433972967312,-1.1048199464311934
0.18515605755333084,0.021565361229572574,-1.3847732751220085
1.9631233039669735,0.2292600562345886,0.7327170932767962
0.060318023697723114,0.006982304416255927,-2.037830662788359
0.636050476024781,0.0742369607277023,-0.4285830612925711
0.12311045263936124,0.014317453252076236,-1.6431469305371924
0.6107541809838503,0.07128195337653724,-0.46477896775290256
3.910141094449425,0.4567025285181939,1.6154986111760017
0.5511379451629679,0.06431783413241669,-0.5548117541851374
1.9457845794714748,0.22723461898138128,0.722283699484968
0.12478751958358442,0.014513361195929544,-1.6349836509865368
0.31642739108048573,0.03689992919465709,-1.0043378234447327
0.5171669218098348,0.06034948131344931,-0.6094670659412844
0.5105125727871133,0.059572148101311194,-0.620490030496869
1.1128637967066273,0.12993629794164854,0.10833247133462406
0.42268979603181556,0.0493130587567364,-0.7773092089902023
1.2509486547933546,0.14606679333912198,0.2300795869662048
1.0193951811019657,0.11901768532394746,0.019254213970645636
0.5094285089435299,0.05944551229864769,-0.6222960894892909
0.5652116389412056,0.06596186415758232,-0.5329155789659626
0.9532859428024697,0.11129508069592421,-0.047564492147804865
0.07261605961082176,0.00841890951867496,-1.9416444155514834
1.7282593903358028,0.2018242364759822,0.5849892628483757
1.0596449569794608,0.12371949574354825,0.058341950498835955
1.295877824471282,0.15131523096467922,0.26749004475253146
0.7698619343652516,0.08986825544601607,-0.25343850947327057
0.1170700397640884,0.013611837492075732,-1.673266491337813
0.5192537295084343,0.06059325345794128,-0.606032408264297
0.5198219409633384,0.060659629542800395,-0.6050990068857454
0.38719746718810216,0.0451669933952501,-0.8477638509628108
0.030407997357566767,0.003488340277804349,-2.357718609561386
1.336568416249739,0.15606853565352952,0.30053208493667716
0.11629166362502015,0.013520910848106863,-1.677232855495865
0.9321867392216563,0.10883036000919326,-0.06962878405615958
1.2147557197877916,0.14183888609702877,0.19919546635604676
1.0072726800690934,0.11760158547182756,0.007252720395524868
3.197658805599405,0.3734733284428436,1.3423997234043417
0.10903186357686913,0.012672851380285073,-1.7152312889520185
2.0186637766178084,0.23574806187750347,0.7656745637678759
0.029624746310187355,0.003396844167442381,-2.368888779757138
0.7655390827703554,0.08936327800879672,-0.25872045806273675
0.5179234504114986,0.06043785581950507,-0.6082206906312226
0.7427237607002652,0.0866980875401045,-0.2869785090985281
0.4542875791689738,0.05300417958291832,-0.7182656258381238
0.21142117134422977,0.02463354193373143,-1.2951456010000604
0.019308104990157452,0.0021916972915582253,-2.5424080077566606
0.7301220302392877,0.08522600611121003,-0.30286957445177554
1.850089225878862,0.21605588814823135,0.6633968583362626
0.46715322470301757,0.05450709046647135,-0.6951151265102008
0.2521396775818621,0.02939010747291312,-1.1716072464868064
0.08396004084184197,0.009744065944740655,-1.8633308329739269
0.08917107814109787,0.010352797519921157,-1.8300273272367098
0.25025327958908783,0.02916974635177457,-1.1769827171920892
0.10537613902604291,0.012245804933204712,-1.7350962983845533
0.30793879260821516,0.03590832663601911,-1.0248534526198778
0.06843887723827262,0.007930948550554245,-1.9728259344254335
0.06785587583647296,0.00786284476597749,-1.9772917575508822
1.9398617350053815,0.22654273707105435,0.7187035435901308
0.17688069799756942,0.020598668349004826,-1.4150057498872823
0.8202590074990254,0.09575543067648117,-0.19345973280923473
1.4848140815696185,0.17338597404084208,0.41481495195686124
0.6095591931422801,0.0711423598965166,-0.46651675331684833
0.16649019024255837,0.019384892705231124,-1.4545230303752235
0.22263885634428746,0.025943944962498633,-1.2594284413377388
0.5673681207590459,0.06621377534117899,-0.5295970968554599
0.7512723680707191,0.08769670008716093,-0.276314495413248
0.4299221974609336,0.05015791763251405,-0.7635067735434857
1.5208759060340957,0.1775985654980705,0.4412976945143114
1.3903893294955958,0.16235566956110714,0.3430847651066268
2.620201526124766,0.3060171850404085,1.0847852889851757
0.029379943735450026,0.003368247354875068,-2.372425870373747
2.2604004229558923,0.263986725516554,0.9015914500517073
0.49851634221512714,0.058170798636137264,-0.6406400892336878
2.106792145717756,0.2460428492412324,0.8165861821013516
1.1737177272472001,0.13704499950461327,0.163321362404754
4.369999813613038,0.51042130011803,1.7722598104788143
1.4241310316435372,0.16629723403632604,0.36912920448109876
0.4534134126857839,0.05290206311172013,-0.7198565511800096
0.6952757901121701,0.08115541413046808,-0.3479210294356005
0.47222875130565034,0.05509999224902669,-0.6861150557289093
0.4539914488155167,0.05296958687398791,-0.7188043034536461
0.30232813685839804,0.035252913305381585,-1.0386500399383958
0.6851200748964771,0.07996906596880433,-0.3613725561957229
1.144886447603373,0.13367705004192904,0.13754517720231194
0.324816805651431,0.037879945504911285,-0.9844677894207801
0.7431356656913964,0.08674620455782606,-0.2864625479738519
0.12486085537413202,0.014521927976156491,-1.6346285845599036
0.1741692217878193,0.020281925042550015,-1.4251446934991177
0.04793720049419641,0.0055360284489374256,-2.151088860008009
3.531241471281157,0.41244105979306045,1.4754595102423946
0.0038678218989007416,0.0003880280204294849,-3.0548068861709816
0.19672069019636917,0.022916293230421197,-1.3441949814575387
0.9489863380212399,0.11079281885421655,-0.052030513427658756
0.0848714125513176,0.009850528574813033,-1.8573953607673335
2.13619394653752,0.2494774446007233,0.833212210956286
1.2716100160003485,0.14848036711160345,0.24740772027143282
3.392930787435707,0.39628418437527074,1.42149810742938
0.7085360790746336,0.08270442560820622,-0.3305797894440745
0.35725180051490923,0.041668865902206455,-0.9111237121165526
0.7973984734001941,0.09308495872775106,-0.22031003246179176
2.6710249341297296,0.31195416292681133,1.109096314616851
0.7355567622172322,0.08586086876285338,-0.2959909595052291
0.31089206155024235,0.03625331515783771,-1.0176677760773014
2.0988183792981236,0.24511138720901143,0.8120469077594269
0.46508573953339943,0.054265575498972714,-0.698802503857481
0.0013843077109447779,9.791428360525747e-05,-3.291962941599362
0.28460018965802847,0.033182008684234716,-1.0835589696111563
0.3830680685897829,0.044684614327715505,-0.8562750622714342
1.9574183932250255,0.22859363243011763,0.729291961184504
0.6134180612496912,0.07159313672395815,-0.46091433309181307
0.588043816022976,0.06862902355822043,-0.49825600862527747
0.4096271570298143,0.04778713592044469,-0.8026985560054957
2.125930589045965,0.24827852211875087,0.8274283415666069
2.900909065762954,0.33880826538700226,1.2148723715672256
4.814697997945955,0.5623690814681155,1.9123726635215357
0.4727935445803475,0.05516596903637513,-0.6851180884293271
3.3857408209398043,0.39544428257085057,1.4186476989387555
1.5696383746729803,0.1832947930703576,0.476360738464289
1.126052802288797,0.13147698239313868,0.12044034948540573
0.28089115557229205,0.03274873484032442,-1.093221693985547
0.24392966978319167,0.02843104871118779,-1.1952295151508334
0.18157922181824884,0.021147530243889687,-1.397712249324043
2.5607939361259335,0.29907743892828015,1.0559107145050939
0.34824863432987857,0.040617153696230084,-0.9309583738204059
0.6034787865580136,0.07043207223875851,-0.4753992718213596
0.6811352811255329,0.07950357903220101,-0.36669182649764454
1.5058511484702712,0.17584343618056628,0.4303224240765838
1.859406570938949,0.2171443014159193,0.6692304547869784
0.14974521615505282,0.01742881489053203,-1.522336729274592
0.5567026655690278,0.0649678814883824,-0.5461039359707701
1.8505856192159507,0.21611387474104238,0.6637082114866127
1.7039316073100923,0.198982366646341,0.5688334782818889
0.10804607237531677,0.012557695376507144,-1.7205376921725277
0.1700570923882956,0.01980156329056725,-1.4407518356970337
0.3626911358398027,0.04230426629758074,-0.8993233786788741
0.0783497996249561,0.009088701038105815,-1.9009857565628872
0.552799327847416,0.06451190990666343,-0.5522050282297803
0.11386065654614716,0.013236930772084645,-1.689751511004889
0.8398335066825356,0.0980420417746303,-0.17091612282589908
0.28310183087265756,0.03300697667981313,-1.0874509148117377
0.9074129198985039,0.10593638608542703,-0.09602431730097458
0.1250255477114549,0.014541166645957039,-1.6338317771927793
3.7248743021803357,0.4350604369709494,1.5483753755836267
2.696534816238796,0.314934120625663,1.1211668391430634
0.4972464701518468,0.058022457494639634,-0.6427945306598546
0.27730753340424763,0.03233011109193618,-1.102650000503757
0.2882131639273259,0.03360406122228699,-1.0742378448382266
0.6604738842724727,0.07709000109569521,-0.3946571910663278
0.04081449652827865,0.004703983971854782,-2.2267221023796684
1.0208324330607519,0.11918557908454827,0.020669934117807594
0.5247604445384483,0.0612365248685622,-0.597018920993932
0.4738615777102218,0.05529073219813299,-0.6832352722517658
1.6573945244229895,0.19354609932693095,0.5374351675292078
1.2345538755356924,0.1441516238192879,0.21617468980828417
3.0863971979221883,0.36047621293416393,1.2956803604914098
0.4337661931734901,0.05060695712901233,-0.7562423348751577
2.2783097835542847,0.26607882209185424,0.9112144883608152
1.4695333117572467,0.1716009384435755,0.4034459871428392
0.44227119530624687,0.0516004758946381,-0.7403412278180664
0.9719763860746324,0.11347842008125351,-0.028326229221465004
0.3404781904630315,0.03970944295395754,-0.9483922159103338
2.0746523647161097,0.24228841449215044,0.7982094531380529
0.11926486488706439,0.01386822778015632,-1.6621889695153402
0.23880856101810297,0.02783282221112258,-1.210271113267131
0.2021569341322346,0.023551332502663086,-1.3257426232603675
0.5158817216541479,0.06019934960832695,-0.6115875954696863
1.3674057201354237,0.15967082047527376,0.3250686344922235
0.7484642416648917,0.08736866650916882,-0.2798073195024062
0.6687986730951622,0.07806246809642162,-0.3833108466502277
0.0005461139900989002,0.0,-3.4612870472239017
0.5540841351477817,0.06466199572007081,-0.5501932216124692
0.06566317982102851,0.007606703191330903,-1.9943528910056396
0.23351370108238112,0.02721429882625018,-1.226082368316875
2.6940576396047513,0.3146447472153714,1.1199985160881285
0.24257895658228132,0.028273264046218174,-1.1991733787811174
1.9543087895471263,0.22823038153853317,0.7274218203388232
1.6240104355631295,0.18964630973983085,0.5144969464794198
0.17333751872130843,0.020184768970028348,-1.42827862450539
0.9306735638697614,0.10865359719546042,-0.07122566667187502
0.12291579163313839,0.01429471376775875,-1.6440999106156946
1.3015421147334523,0.15197690965465188,0.2721363231474918
1.0146267476800268,0.11846065688193368,0.014546354200564408
1.670986570023664,0.19513386522713,0.5466740073422349
0.6527436083933562,0.07618698260969313,-0.405290721386058
2.463494586956321,0.28771133604267746,1.0075026628442965
0.05060820994143507,0.005848044597501889,-2.1249230977932414
0.34656700885373354,0.04042071324374981,-0.9347060958651793
1.2554506682547544,0.14659269971600264,0.23387368920557658
0.5414724979105332,0.06318875702302068,-0.570096212150157
0.18989176376717354,0.022118566616061784,-1.3679305020605343
0.11340472307777275,0.013183670531859404,-1.6921218906296567
1.7001239132917045,0.19853756776187523,0.5662890366252121
0.6408260736374322,0.0747948260605013,-0.42187269285657125
2.139477548076734,0.2498610211944883,0.8350582220866185
1.3215901074044445,0.1543188322809902,0.28845906534353966
0.5271687914711259,0.061517857881112185,-0.5930994196048816
0.4676240852565515,0.054562094426332475,-0.6942770726628797
0.7249234336309323,0.08461872780549073,-0.3094857318537799
2.198765342412904,0.25678677327850963,0.8680256127099277
1.3366610466508042,0.15607935634943165,0.30060642834613194
0.00516628657535466,0.0005397092313712873,-2.9766390163778915
1.1846861642757511,0.13832628642816136,0.17300155350366825
2.519590110043345,0.29426418035530866,1.0355843182209845
1.2394471767341826,0.14472323879253227,0.22033942288627562
0.19480610332062465,0.02269263920191169,-1.3507857425084797
0.6607150877033194,0.07711817747133144,-0.39432692008258363
0.15119041996719657,0.017597637553372833,-1.5162635206300894
0.44471845600377913,0.05188635465038964,-0.7358087594297961
2.7664800890369716,0.3231048347544878,1.1538246392748368
2.5679227719434183,0.2999101997026082,1.0594022650132098
0.33245192197356643,0.03877184784959869,-0.9667196078722676
0.4149565761667608,0.04840969636661417,-0.7922668914162584
0.9168230438552769,0.1070356373956543,-0.08593460664788978
3.3021839381488847,0.3856835171113993,1.385180907692506
0.15993560335452608,0.01861921328827913,-1.4804233987700144
0.29694705171006264,0.0346243174519237,-1.0520656596129105
2.0679622993425384,0.24150690904533736,0.79435714141512
0.6770617115962438,0.07902772168293093,-0.37215404091598314
2.292249610846227,0.26770721439416606,0.9186650153128046
0.2052028248133533,0.02390714070852831,-1.3155677758867084
0.7607166102025903,0.08879993693985837,-0.2646396227725383
0.39492529655176045,0.04606972608955217,-0.8320189511169589
0.38059089233910115,0.044395240962206775,-0.8614142603495187
0.5921748138634428,0.06911158944253173,-0.4920945105885943
0.567532579119133,0.06623298667873778,-0.529344414226901
0.4421501710389731,0.0515863383460807,-0.7405658645803131
2.4647602029647473,0.2878591800096536,1.0081415533881655
1.3158142217804063,0.15364411748774065,0.28377579294262856
1.3002891250025503,0.15183054063658982,0.27110984855996106
0.34236841439305754,0.03993025100507875,-0.944123751909322
0.8620616339307106,0.10063863860095244,-0.1457942461658481
1.5104048226391165,0.17637537734515085,0.4336575203199607
1.5876293011326568,0.18539641782831495,0.4890887912892281
0.4224034463536413,0.0492796085853718,-0.7778593560565175
1.4734777815713387,0.17206171490424813,0.4063892395002084
1.3314043505471023,0.15546529110374466,0.2963813116512622
0.15257615327058066,0.017759513120195112,-1.5104814114116805
2.009508610816886,0.23467859371233987,0.7602896399928656
0.5821810520730715,0.06794416000242771,-0.5070570557817483
0.6663308712227313,0.07777418980655929,-0.3866631421772772
0.5948762588045465,0.06942716093815245,-0.4880828280503318
0.8389732761999097,0.09794155324871207,-0.17189842260023697
0.9706657366124088,0.11332531549461723,-0.02966610773795611
0.6895129240035663,0.08048222022254006,-0.35553568257251855
2.01581751300628,0.23541557327070112,0.764002422962562
0.988148657807263,0.11536759720294809,-0.011904945171523074
0.5132083757754203,0.05988706052761119,-0.6160113707201379
0.5390395135012274,0.06290454596353012,-0.5739761590944599
1.6651547400710254,0.19445261525147517,0.5427169756250947
0.42800515111245885,0.04993397629869023,-0.7671480486522351
0.23756554484046308,0.027687618261824882,-1.2139588954091731
0.061219435939436996,0.007087603622973145,-2.0302991339457184
2.0876902523084637,0.243811445972323,0.8056900292004754
2.5077223744762467,0.2928778411390039,1.0296830980379494
0.12796995147681758,0.014885119574928121,-1.6197187617220201
0.4071771851201331,0.04750094045223317,-0.8075286113233391
0.19282298772735545,0.022460979935333778,-1.3576643778027357
0.1231833686703734,0.014325970997750456,-1.6427902577326314
2.3012534100777704,0.2687590005499875,0.9234591090051562
0.05855884484564197,0.006776804502869298,-2.05277827696996
3.9366058768269,0.4597940336712562,1.6248889927520784
0.10142478271147311,0.01178422402035825,-1.7571641660371105
1.9912156632487024,0.23254168811209314,0.7494740717839494
0.8358775704943655,0.09757992586011129,-0.1754397477592828
0.45873533610693534,0.05352374793973127,-0.7102067499789417
0.41907081229260906,0.04889030421755198,-0.7842830370265665
1.4161934914058147,0.16537000379511144,0.36304482177503655
0.37771370765736,0.04405914028535083,-0.8674152487778589
1.07095505039118,0.12504069353634423,0.0691226154795325
0.7284139744777762,0.0850264781833732,-0.3050394353868835
0.6635216721123782,0.07744603091971251,-0.39049066956044187
2.314274859344903,0.2702801117737829,0.930367323070513
0.808883693668473,0.09442661410722854,-0.20674843695051523
1.7536640219222213,0.20479189924912894,0.6016772126590696
1.293071937713957,0.15098745901305483,0.265182741056698
0.03932025400866615,0.004529432812377323,-2.243842769795298
1.4832901918596608,0.17320795962062743,0.4136851629058069
0.24445688802351442,0.028492636140228338,-1.1936946143571756
2.3345882427916553,0.2726530362401944,0.9410854978746126
0.04387267500182554,0.005061227586221373,-2.1931123340101255
0.40507323661130806,0.04725516599000497,-0.8116941037374207
0.10506383437735226,0.01220932281077569,-1.7368174347779404
0.6454797742279264,0.0753384518931689,-0.4153699741044412
1.7149230795814439,0.20026634445057742,0.5761542884833069
0.35408880468582543,0.041299377962904525,-0.9180484050147097
0.163619413998238,0.01904954063522283,-1.4657699648620084
0.40087620678520847,0.04676488652539895,-0.8200528065980245
1.681364414528202,0.1963461616029644,0.5536898020467164
0.15126945198604552,0.01760686974315787,-1.5159326739140522
0.2579452266143386,0.030068287421429644,-1.1552528054382358
0.07133700735648411,0.008269495985666415,-1.9510444641153581
1.2231897527301523,0.14282411453875582,0.20645408760192419
0.5029124217920868,0.05868433025984751,-0.6332137604982913
0.37228178115192717,0.04342460535726866,-0.8788398119335988
1.2680719210065494,0.14806706165723238,0.24445563397149359
0.40943930830092257,0.047765192217863586,-0.8030681185717402
1.3011126587506656,0.15192674240351559,0.27178458850112447
1.6884778476712134,0.1971771231013027,0.558479800286396
0.24546948488028028,0.02861092346849788,-1.1907536449837317
3.642709743038794,0.42546231693496656,1.5177943314710602
0.1771644152331804,0.02063181100944289,-1.4139516781400456
0.3436753864466865,0.04008292601222868,-0.9411828092416908
0.19820132455509792,0.02308925474147851,-1.33913131583048
0.42389233592519454,0.049453534435852826,-0.7750019182620522
0.6540435662254547,0.07633883824483022,-0.4034958870404863
0.7385125409750224,0.08620615047084876,-0.29226605854947196
1.9214539508221788,0.22439241673789848,0.7075235167116841
2.2022684556736607,0.25719599231318446,0.8699523612136086
0.24859452301170923,0.028975977348368497,-1.1817349390868896
0.9752290492947917,0.11385838259002734,-0.0250069344102483
0.118216193916934,0.013745726424891662,-1.6674622744617953
0.6142802903789115,0.07169385872340953,-0.4596661761676699
0.3891000561074619,0.045389245872692205,-0.843865513068583
0.38052971346043407,0.0443880943015632,-0.8615415036646884
0.6589085530107818,0.0769071456467917,-0.3968027663493109
1.308695136737378,0.15281249575808897,0.27798192349712975
0.07169221729392797,0.00831099012441895,-1.948421216223049
2.113398303327045,0.24681455293407822,0.8203370562133273
1.3273229625569467,0.1549885204345873,0.293092130907125
0.19419098727493006,0.02262078391899749,-1.3529136331989504
2.799522753967152,0.32696474062658404,1.1690351274174349
0.7058519940469221,0.082390882025037,-0.33406994175543875
8.56103075405615,1.0,2.8157500073105286
0.2197237483876584,0.025603414247334994,-1.2685765410378962
0.7655204700482785,0.08936110374847624,-0.2587432491528631
0.3428397257039105,0.03998530762052399,-0.9430622298086645
0.36265501380911497,0.0423000466730844,-0.8994012995387709
0.8941999910573912,0.10439290701891817,-0.11032619354734337
2.547451216122055,0.2975187982011617,1.049355888504353
1.6361097422265514,0.19105970012275297,0.5228513273952962
1.2871421115320365,0.15029476152789528,0.2602940834491169
0.8191045449214842,0.09562057118825337,-0.1948019897109546
2.554880763974759,0.2983866868973146,1.053008975442693
0.6779855150842856,0.0791356365413629,-0.3709131411897221
2.0701423402681582,0.24176157230533746,0.7956135013060674
1.7956569176825719,0.20969733364051948,0.6288643345026967
0.24058902605058366,0.028040808687045626,-1.2050140902289466
1.4750183148562657,0.1722416735572567,0.4075371204562965
0.01224583201384799,0.001366712109848353,-2.708271962692519
0.38983224684524537,0.04547477733131507,-0.8423691297271815
0.2608031617222427,0.030402139443606983,-1.1473041976215088
0.7069681688964837,0.08252126890107174,-0.3326173446343556
1.335043082001954,0.1558903524884496,0.2993073184788769
0.10278202886697986,0.011942771837751014,-1.7495117722631501
0.7234459925309049,0.08444613931755485,-0.31137260462520006
2.787288584864732,0.32553559617778033,1.1634193323896906
0.25960858113073093,0.030262593536834283,-1.1506185439794925
1.1305400299356234,0.13200116155302227,0.12453524083824877
